parcel_id,category,area_ha,wkt
P-001,residential,3.18,"POLYGON((36.020149 34.659092,36.023528 34.658742,36.023405 34.662085,36.021972 34.662829,36.019674 34.661820,36.020149 34.659092))"
P-002,industrial,14.59,"POLYGON((36.029989 34.726944,36.035038 34.725951,36.036679 34.730853,36.033899 34.732681,36.029995 34.732578,36.029989 34.726944))"
P-003,residential,3.65,"POLYGON((35.969629 34.791463,35.973138 34.791192,35.973277 34.794435,35.971981 34.794847,35.969478 34.794351,35.969629 34.791463))"
P-004,infrastructure,6.04,"POLYGON((35.896775 34.867016,35.900542 34.866946,35.901197 34.869915,35.899370 34.872129,35.896075 34.870720,35.896775 34.867016))"
P-005,industrial,14.04,"POLYGON((35.938637 34.814567,35.944797 34.813506,35.944929 34.818453,35.942727 34.820945,35.938309 34.818378,35.938637 34.814567))"
P-006,infrastructure,7.9,"POLYGON((35.963971 34.673659,35.968211 34.673044,35.968820 34.677836,35.967785 34.678183,35.963088 34.677304,35.963971 34.673659))"
P-007,agriculture,15.29,"POLYGON((35.965963 34.953965,35.971861 34.953834,35.972280 34.958012,35.970841 34.959080,35.966038 34.959214,35.965963 34.953965))"
P-008,residential,4.07,"POLYGON((36.060552 34.694855,36.063691 34.694679,36.064228 34.697246,36.063063 34.698866,36.060375 34.697298,36.060552 34.694855))"
P-009,industrial,15.22,"POLYGON((35.998073 34.772627,36.001418 34.771679,36.003050 34.776501,36.001366 34.777051,35.998057 34.776389,35.998073 34.772627))"
P-010,industrial,7.83,"POLYGON((36.072997 34.682326,36.078942 34.683287,36.079420 34.686651,36.078098 34.690028,36.072178 34.687661,36.072997 34.682326))"
P-011,residential,4.69,"POLYGON((36.037051 34.728139,36.041312 34.727590,36.041501 34.731445,36.039932 34.733892,36.036698 34.732416,36.037051 34.728139))"
P-012,infrastructure,8.75,"POLYGON((36.022152 34.659112,36.028327 34.659252,36.028968 34.663635,36.027163 34.665319,36.022625 34.663391,36.022152 34.659112))"
P-013,residential,7.12,"POLYGON((35.908221 34.987332,35.911415 34.986994,35.912122 34.990077,35.910009 34.990317,35.907607 34.989574,35.908221 34.987332))"
P-014,residential,8.06,"POLYGON((35.901406 34.912645,35.906722 34.912099,35.906912 34.916895,35.905202 34.917949,35.900675 34.916123,35.901406 34.912645))"
P-015,residential,3.42,"POLYGON((35.980295 34.711049,35.984991 34.710190,35.985690 34.713964,35.984214 34.716468,35.981014 34.715485,35.980295 34.711049))"
P-016,residential,3.35,"POLYGON((35.983964 34.798896,35.990918 34.798768,35.990366 34.804257,35.988202 34.805694,35.984888 34.804493,35.983964 34.798896))"
P-017,infrastructure,3.86,"POLYGON((35.920152 34.893219,35.925823 34.892124,35.925833 34.897588,35.923282 34.898288,35.919141 34.897799,35.920152 34.893219))"
P-018,residential,8.24,"POLYGON((35.932212 35.023989,35.935412 35.024105,35.935841 35.025905,35.934104 35.027197,35.931979 35.026250,35.932212 35.023989))"
P-019,residential,9.59,"POLYGON((35.958801 34.879881,35.962599 34.878872,35.963916 34.882620,35.961812 34.884378,35.958881 34.882857,35.958801 34.879881))"
P-020,residential,7.7,"POLYGON((35.880433 34.934837,35.883251 34.934931,35.884769 34.938603,35.882433 34.938664,35.880284 34.938916,35.880433 34.934837))"
P-021,residential,9.15,"POLYGON((36.017614 34.721168,36.021234 34.721192,36.022024 34.724806,36.019492 34.726078,36.017250 34.725172,36.017614 34.721168))"
P-022,residential,4.85,"POLYGON((35.930957 34.769111,35.936200 34.768727,35.937111 34.773299,35.935770 34.774476,35.931396 34.774273,35.930957 34.769111))"
P-023,residential,3.65,"POLYGON((35.970680 34.902992,35.974678 34.902067,35.974608 34.905982,35.973376 34.906674,35.970754 34.905333,35.970680 34.902992))"
P-024,residential,6.82,"POLYGON((36.034069 34.638020,36.038644 34.637494,36.040609 34.642257,36.038510 34.643897,36.034320 34.641665,36.034069 34.638020))"
P-025,residential,5.48,"POLYGON((36.095235 34.640727,36.100352 34.640541,36.100276 34.644366,36.099250 34.645614,36.095557 34.644680,36.095235 34.640727))"
P-026,infrastructure,7.48,"POLYGON((35.928009 34.929598,35.931713 34.930011,35.932817 34.932891,35.930549 34.934107,35.928306 34.934021,35.928009 34.929598))"
P-027,infrastructure,4.14,"POLYGON((35.934858 34.945492,35.938936 34.944773,35.940693 34.949747,35.937862 34.950617,35.934327 34.950337,35.934858 34.945492))"
P-028,infrastructure,8.57,"POLYGON((35.941883 34.999010,35.945721 34.998767,35.945342 35.001130,35.944681 35.001855,35.942023 35.001465,35.941883 34.999010))"
P-029,infrastructure,8.3,"POLYGON((36.084388 34.639497,36.087185 34.638977,36.087789 34.642564,36.086559 34.642663,36.083853 34.642929,36.084388 34.639497))"
P-030,infrastructure,6.36,"POLYGON((35.882897 34.868039,35.887014 34.868083,35.887431 34.872686,35.885892 34.873203,35.881925 34.872547,35.882897 34.868039))"
P-031,residential,7.31,"POLYGON((36.098511 34.680393,36.101822 34.679760,36.102663 34.682994,36.101139 34.683743,36.098646 34.683071,36.098511 34.680393))"
P-032,residential,7.61,"POLYGON((35.967484 34.838551,35.970632 34.838023,35.971349 34.841318,35.970528 34.842115,35.967898 34.842512,35.967484 34.838551))"
P-033,residential,6.19,"POLYGON((36.015968 34.743285,36.021134 34.743464,36.021565 34.748311,36.020580 34.750126,36.015202 34.749010,36.015968 34.743285))"
P-034,industrial,8.11,"POLYGON((35.930111 34.855750,35.936089 34.853896,35.937496 34.860975,35.935287 34.863248,35.929596 34.862031,35.930111 34.855750))"
P-035,agriculture,26.09,"POLYGON((36.010143 34.805770,36.018439 34.805149,36.020037 34.813223,36.015648 34.814916,36.009368 34.814859,36.010143 34.805770))"
P-036,agriculture,26.42,"POLYGON((35.966509 34.998520,35.971168 34.998131,35.972521 35.002262,35.969681 35.005032,35.965131 35.002468,35.966509 34.998520))"
P-037,infrastructure,4.32,"POLYGON((35.961900 34.758698,35.965258 34.758541,35.966494 34.761742,35.964815 34.763653,35.961196 34.763457,35.961900 34.758698))"
P-038,industrial,15.04,"POLYGON((36.043988 34.945321,36.051441 34.944747,36.051978 34.949676,36.048850 34.951882,36.045259 34.950387,36.043988 34.945321))"
P-039,infrastructure,7.07,"POLYGON((36.010754 34.933068,36.016554 34.932883,36.017361 34.938305,36.014567 34.939358,36.010538 34.937806,36.010754 34.933068))"
P-040,industrial,10.55,"POLYGON((35.888438 34.955656,35.891975 34.955444,35.893061 34.958840,35.890671 34.959641,35.887979 34.960282,35.888438 34.955656))"
P-041,infrastructure,3.57,"POLYGON((36.042371 34.685962,36.045115 34.685633,36.046248 34.688053,36.044631 34.688717,36.042891 34.688684,36.042371 34.685962))"
P-042,agriculture,28.09,"POLYGON((36.002964 34.829785,36.011282 34.830487,36.012535 34.838342,36.007467 34.838037,36.002138 34.838319,36.002964 34.829785))"
P-043,infrastructure,4.78,"POLYGON((36.029286 34.780485,36.033670 34.781013,36.034511 34.785252,36.032377 34.785422,36.027782 34.785626,36.029286 34.780485))"
P-044,infrastructure,5.73,"POLYGON((35.908694 34.854500,35.911954 34.854536,35.913364 34.858394,35.911359 34.860428,35.907918 34.858255,35.908694 34.854500))"
P-045,residential,8.14,"POLYGON((36.010154 34.642836,36.015363 34.643032,36.015975 34.648310,36.013513 34.650108,36.008960 34.647437,36.010154 34.642836))"
P-046,agriculture,17.61,"POLYGON((36.028850 34.711983,36.034778 34.710674,36.036233 34.716721,36.034707 34.718967,36.027935 34.718526,36.028850 34.711983))"
P-047,industrial,12.67,"POLYGON((35.958226 34.789179,35.962587 34.788451,35.963087 34.792880,35.961772 34.794250,35.958189 34.792938,35.958226 34.789179))"
P-048,infrastructure,6.84,"POLYGON((35.901034 34.886368,35.904690 34.886214,35.905406 34.889066,35.903948 34.890003,35.901166 34.889037,35.901034 34.886368))"
P-049,industrial,9.79,"POLYGON((35.920746 34.799897,35.926629 34.799489,35.927691 34.805150,35.926186 34.806808,35.920369 34.806232,35.920746 34.799897))"
P-050,industrial,8.73,"POLYGON((35.981398 34.663627,35.984359 34.662936,35.985248 34.667050,35.983276 34.668351,35.980667 34.667682,35.981398 34.663627))"
P-051,industrial,11.63,"POLYGON((35.954947 34.946607,35.959925 34.945767,35.960317 34.949733,35.957438 34.951441,35.954854 34.949636,35.954947 34.946607))"
P-052,industrial,7.02,"POLYGON((36.008143 34.795647,36.012361 34.795185,36.013119 34.798715,36.011664 34.799749,36.007878 34.799110,36.008143 34.795647))"
P-053,residential,7.27,"POLYGON((36.061106 34.685632,36.066072 34.684732,36.066767 34.688689,36.064723 34.689785,36.061516 34.689824,36.061106 34.685632))"
P-054,industrial,6.39,"POLYGON((35.902830 34.827171,35.906119 34.827677,35.907045 34.831459,35.905768 34.832665,35.902693 34.830759,35.902830 34.827171))"
P-055,industrial,13.77,"POLYGON((36.030191 34.729370,36.036386 34.728581,36.038465 34.733990,36.035101 34.734833,36.030079 34.734888,36.030191 34.729370))"
P-056,industrial,12.01,"POLYGON((35.997366 34.692637,36.001546 34.691964,36.002008 34.695354,36.001049 34.697993,35.996398 34.697335,35.997366 34.692637))"
P-057,industrial,12.91,"POLYGON((35.907621 34.991797,35.912786 34.991865,35.914560 34.996523,35.911928 34.999251,35.906798 34.996937,35.907621 34.991797))"
P-058,infrastructure,6.69,"POLYGON((35.918525 34.913722,35.923074 34.913054,35.924653 34.918386,35.922052 34.919447,35.918239 34.919715,35.918525 34.913722))"
P-059,infrastructure,8.05,"POLYGON((35.963785 34.723547,35.968074 34.724440,35.968893 34.728505,35.966832 34.729642,35.963422 34.728254,35.963785 34.723547))"
P-060,residential,9.49,"POLYGON((35.960128 34.802604,35.964917 34.801833,35.964548 34.804974,35.963326 34.806627,35.960583 34.806545,35.960128 34.802604))"
P-061,residential,6.23,"POLYGON((35.954477 34.887461,35.957954 34.887282,35.957966 34.890265,35.957377 34.890513,35.954545 34.890040,35.954477 34.887461))"
P-062,residential,9.05,"POLYGON((35.938866 35.009696,35.943112 35.009408,35.943407 35.012212,35.941514 35.013556,35.938463 35.012750,35.938866 35.009696))"
P-063,residential,6.13,"POLYGON((35.967433 34.888447,35.971133 34.888018,35.972315 34.892792,35.969955 34.893120,35.966593 34.892325,35.967433 34.888447))"
P-064,infrastructure,7.21,"POLYGON((35.881481 34.960085,35.886889 34.959229,35.887948 34.963837,35.884785 34.965198,35.881510 34.964948,35.881481 34.960085))"
P-065,agriculture,14.29,"POLYGON((36.011186 34.717914,36.020238 34.715231,36.019269 34.725452,36.016105 34.727571,36.009663 34.723817,36.011186 34.717914))"
P-066,infrastructure,7.97,"POLYGON((35.951112 34.790065,35.956505 34.789113,35.957407 34.793262,35.954145 34.795800,35.950015 34.795562,35.951112 34.790065))"
P-067,residential,6.04,"POLYGON((35.971228 34.927176,35.974201 34.927158,35.975010 34.929450,35.973754 34.930531,35.971277 34.929741,35.971228 34.927176))"
P-068,infrastructure,5.96,"POLYGON((35.928722 35.063605,35.933869 35.062550,35.933578 35.067839,35.931446 35.068491,35.928318 35.067073,35.928722 35.063605))"
P-069,residential,9.29,"POLYGON((35.917549 35.014893,35.920729 35.014207,35.922446 35.017992,35.920813 35.019675,35.917126 35.018294,35.917549 35.014893))"
P-070,infrastructure,7.97,"POLYGON((36.028761 34.657298,36.031398 34.656844,36.031622 34.659951,36.030759 34.659962,36.028186 34.660198,36.028761 34.657298))"
P-071,industrial,16.93,"POLYGON((36.236581 35.163216,36.243431 35.163994,36.244206 35.168095,36.240897 35.169803,36.236379 35.169760,36.236581 35.163216))"
P-072,infrastructure,7.87,"POLYGON((35.909415 35.040679,35.914133 35.040686,35.915171 35.044948,35.912745 35.045559,35.909358 35.044393,35.909415 35.040679))"
P-073,industrial,15.44,"POLYGON((35.952232 35.120394,35.957727 35.120638,35.959836 35.126496,35.957443 35.126888,35.950981 35.126838,35.952232 35.120394))"
P-074,agriculture,34.15,"POLYGON((35.951995 35.080926,35.958184 35.080459,35.959204 35.086224,35.956280 35.087660,35.953095 35.086203,35.951995 35.080926))"
P-075,agriculture,20.48,"POLYGON((36.203092 35.105203,36.211230 35.104751,36.212437 35.111723,36.208983 35.115440,36.202461 35.112882,36.203092 35.105203))"
P-076,infrastructure,2.44,"POLYGON((36.182080 35.195337,36.187590 35.195282,36.189122 35.198915,36.186434 35.200005,36.181822 35.198951,36.182080 35.195337))"
P-077,agriculture,20.53,"POLYGON((36.137370 35.067938,36.147535 35.066904,36.149622 35.076297,36.145740 35.078845,36.136186 35.075777,36.137370 35.067938))"
P-078,infrastructure,4.59,"POLYGON((36.063862 35.108871,36.067772 35.108837,36.068928 35.113186,36.067141 35.113529,36.064494 35.112282,36.063862 35.108871))"
P-079,agriculture,14.11,"POLYGON((36.229839 35.231926,36.234700 35.232613,36.237097 35.237753,36.233672 35.239402,36.229659 35.237873,36.229839 35.231926))"
P-080,industrial,9.94,"POLYGON((36.015957 35.208425,36.020494 35.208067,36.020179 35.210628,36.018759 35.212192,36.016664 35.210545,36.015957 35.208425))"
P-081,industrial,13.07,"POLYGON((35.979796 35.157021,35.982700 35.156850,35.982845 35.159278,35.981836 35.160354,35.979442 35.159253,35.979796 35.157021))"
P-082,forest,16.3,"POLYGON((36.121391 35.168922,36.130646 35.167364,36.130916 35.175945,36.128347 35.178972,36.121820 35.178124,36.121391 35.168922))"
P-083,industrial,16.79,"POLYGON((35.994850 35.123212,35.998880 35.122406,35.999568 35.126125,35.997717 35.127221,35.994169 35.126546,35.994850 35.123212))"
P-084,infrastructure,2.8,"POLYGON((36.006317 35.214094,36.011956 35.213991,36.012544 35.217815,36.010635 35.219098,36.006249 35.217999,36.006317 35.214094))"
P-085,residential,7.66,"POLYGON((36.029579 35.094992,36.032391 35.094876,36.033046 35.098025,36.032240 35.100010,36.028934 35.098992,36.029579 35.094992))"
P-086,forest,31.85,"POLYGON((36.120775 35.141951,36.129660 35.142516,36.130532 35.148119,36.125958 35.151080,36.121017 35.150033,36.120775 35.141951))"
P-087,industrial,13.88,"POLYGON((36.089345 35.128911,36.092661 35.128779,36.093485 35.132974,36.092216 35.134324,36.088322 35.133076,36.089345 35.128911))"
P-088,infrastructure,5.9,"POLYGON((36.219916 35.149999,36.223836 35.150279,36.225519 35.154562,36.223223 35.154704,36.220315 35.154580,36.219916 35.149999))"
P-089,industrial,7.7,"POLYGON((36.118573 35.197653,36.122696 35.197847,36.123742 35.202238,36.122180 35.204519,36.117443 35.202046,36.118573 35.197653))"
P-090,industrial,7.87,"POLYGON((36.102177 35.084042,36.107109 35.083145,36.108227 35.087977,36.105263 35.089827,36.101357 35.087743,36.102177 35.084042))"
P-091,infrastructure,6.75,"POLYGON((36.093402 35.182307,36.097523 35.181430,36.097678 35.184876,36.096286 35.185810,36.093648 35.185222,36.093402 35.182307))"
P-092,industrial,11.97,"POLYGON((36.147930 35.192677,36.151663 35.192376,36.152983 35.196346,36.150760 35.198296,36.147256 35.196903,36.147930 35.192677))"
P-093,industrial,16.35,"POLYGON((36.034749 35.183936,36.039877 35.184518,36.040054 35.188215,36.039139 35.190210,36.034073 35.189835,36.034749 35.183936))"
P-094,industrial,11.24,"POLYGON((35.955401 35.194366,35.958348 35.193692,35.959607 35.196846,35.958232 35.197677,35.955001 35.197527,35.955401 35.194366))"
P-095,industrial,16.87,"POLYGON((36.147113 35.198530,36.152242 35.199008,36.151953 35.202098,36.150774 35.204192,36.146953 35.202362,36.147113 35.198530))"
P-096,infrastructure,5.46,"POLYGON((35.918782 35.097835,35.924721 35.097396,35.924897 35.102007,35.923268 35.103403,35.919351 35.101376,35.918782 35.097835))"
P-097,agriculture,26.52,"POLYGON((36.031111 35.113910,36.038641 35.113152,36.039982 35.120252,36.037169 35.123505,36.029678 35.119968,36.031111 35.113910))"
P-098,forest,30.21,"POLYGON((36.217882 35.206884,36.225716 35.207160,36.226366 35.213443,36.222696 35.214976,36.218278 35.212480,36.217882 35.206884))"
P-099,industrial,15.73,"POLYGON((36.174250 35.113394,36.181474 35.113125,36.182398 35.118734,36.179647 35.119677,36.174977 35.119248,36.174250 35.113394))"
P-100,agriculture,21.4,"POLYGON((36.227926 35.107919,36.234560 35.108839,36.234415 35.113900,36.232288 35.115754,36.227471 35.115051,36.227926 35.107919))"
P-101,industrial,10.0,"POLYGON((36.230689 35.173156,36.236179 35.172342,36.235928 35.177402,36.234662 35.178377,36.230044 35.178283,36.230689 35.173156))"
P-102,industrial,14.04,"POLYGON((35.954772 35.237737,35.961291 35.237459,35.961968 35.242785,35.959442 35.244137,35.955333 35.244674,35.954772 35.237737))"
P-103,agriculture,16.42,"POLYGON((35.965380 35.128941,35.975007 35.127809,35.975540 35.137142,35.971654 35.139639,35.962846 35.137634,35.965380 35.128941))"
P-104,forest,26.3,"POLYGON((35.945277 35.088065,35.951552 35.088671,35.951652 35.092641,35.949918 35.093824,35.945556 35.092799,35.945277 35.088065))"
P-105,infrastructure,7.49,"POLYGON((36.206032 35.107625,36.209429 35.107494,36.209289 35.111022,36.208318 35.111700,36.205339 35.111473,36.206032 35.107625))"
P-106,forest,30.82,"POLYGON((36.185407 35.168031,36.194539 35.168979,36.197441 35.177884,36.193428 35.178084,36.184789 35.178809,36.185407 35.168031))"
P-107,residential,3.59,"POLYGON((36.159814 35.105593,36.163223 35.105789,36.163678 35.108512,36.162415 35.109519,36.159668 35.108312,36.159814 35.105593))"
P-108,residential,4.65,"POLYGON((36.080821 35.108150,36.087030 35.106538,36.087242 35.112582,36.084191 35.113212,36.079776 35.112941,36.080821 35.108150))"
P-109,industrial,15.11,"POLYGON((36.236876 35.224092,36.241035 35.224764,36.242030 35.229342,36.240742 35.229862,36.236382 35.228526,36.236876 35.224092))"
P-110,industrial,6.57,"POLYGON((36.010387 35.201091,36.014778 35.200236,36.016182 35.204096,36.014227 35.205773,36.010981 35.205127,36.010387 35.201091))"
P-111,forest,25.58,"POLYGON((35.976690 35.168455,35.983461 35.168682,35.985410 35.175029,35.982110 35.177042,35.976620 35.176650,35.976690 35.168455))"
P-112,industrial,13.63,"POLYGON((36.116519 35.180443,36.123290 35.179449,36.124018 35.185278,36.121457 35.187400,36.115994 35.184353,36.116519 35.180443))"
P-113,forest,25.16,"POLYGON((35.983700 35.121881,35.993459 35.121894,35.992585 35.127741,35.990667 35.132104,35.985014 35.128450,35.983700 35.121881))"
P-114,industrial,16.63,"POLYGON((36.005598 35.216843,36.010082 35.216508,36.009667 35.220458,36.008268 35.221988,36.005674 35.220874,36.005598 35.216843))"
P-115,residential,3.87,"POLYGON((36.041154 35.090389,36.045791 35.090555,36.046323 35.093725,36.044329 35.095334,36.041335 35.094497,36.041154 35.090389))"
P-116,infrastructure,4.97,"POLYGON((36.136719 35.061239,36.140902 35.061103,36.141544 35.063845,36.140113 35.065526,36.137420 35.064366,36.136719 35.061239))"
P-117,agriculture,12.97,"POLYGON((36.106436 35.146745,36.114311 35.146281,36.117424 35.154125,36.113054 35.157564,36.104779 35.156836,36.106436 35.146745))"
P-118,industrial,7.71,"POLYGON((36.073893 35.121203,36.078810 35.119780,36.080145 35.124662,36.078338 35.126571,36.073745 35.126273,36.073893 35.121203))"
P-119,residential,6.11,"POLYGON((35.946098 35.255255,35.948475 35.255164,35.949440 35.257047,35.947667 35.258344,35.945302 35.257319,35.946098 35.255255))"
P-120,residential,7.93,"POLYGON((36.216282 35.118033,36.220207 35.118307,36.219776 35.120441,36.218505 35.122089,36.215736 35.121603,36.216282 35.118033))"
P-121,residential,7.67,"POLYGON((36.135915 35.104150,36.140394 35.104059,36.141679 35.108115,36.139060 35.108918,36.136085 35.109115,36.135915 35.104150))"
P-122,industrial,8.84,"POLYGON((36.086542 35.163859,36.091173 35.163008,36.091408 35.168646,36.089367 35.169226,36.085767 35.168379,36.086542 35.163859))"
P-123,agriculture,29.69,"POLYGON((36.170641 35.173010,36.178704 35.173811,36.179970 35.180927,36.176982 35.184711,36.168738 35.181030,36.170641 35.173010))"
P-124,industrial,11.19,"POLYGON((36.031318 35.166028,36.036096 35.165593,36.037434 35.171054,36.034942 35.173368,36.029435 35.172019,36.031318 35.166028))"
P-125,residential,4.37,"POLYGON((36.000184 35.104611,36.005516 35.105130,36.006304 35.109511,36.004021 35.110285,35.999324 35.110688,36.000184 35.104611))"
P-126,forest,40.28,"POLYGON((36.165471 34.803582,36.172344 34.801878,36.174695 34.809050,36.172160 34.810556,36.165442 34.809293,36.165471 34.803582))"
P-127,infrastructure,4.03,"POLYGON((36.226653 34.841534,36.232445 34.842015,36.232212 34.845718,36.230596 34.848078,36.226777 34.847246,36.226653 34.841534))"
P-128,forest,40.84,"POLYGON((36.103115 34.841183,36.109800 34.840119,36.110901 34.845113,36.108008 34.846876,36.103701 34.845579,36.103115 34.841183))"
P-129,agriculture,18.67,"POLYGON((36.156415 34.847946,36.163818 34.847743,36.163616 34.852953,36.161032 34.855185,36.156264 34.853368,36.156415 34.847946))"
P-130,residential,9.15,"POLYGON((36.058988 34.778479,36.062551 34.778423,36.063296 34.781119,36.061300 34.783064,36.057870 34.782389,36.058988 34.778479))"
P-131,forest,31.1,"POLYGON((36.059414 34.782897,36.068750 34.782692,36.068985 34.790871,36.065971 34.792768,36.058601 34.790422,36.059414 34.782897))"
P-132,infrastructure,5.15,"POLYGON((36.123910 34.853395,36.128729 34.853753,36.128684 34.856890,36.128064 34.858377,36.124226 34.856834,36.123910 34.853395))"
P-133,infrastructure,5.56,"POLYGON((36.243305 34.858780,36.246648 34.858149,36.247421 34.861911,36.245844 34.862694,36.242403 34.861559,36.243305 34.858780))"
P-134,infrastructure,7.18,"POLYGON((36.217494 34.864706,36.220884 34.864625,36.221146 34.868329,36.219809 34.869162,36.216647 34.868367,36.217494 34.864706))"
P-135,agriculture,25.73,"POLYGON((36.086611 34.813377,36.092791 34.814274,36.092721 34.818896,36.091193 34.821021,36.086085 34.819153,36.086611 34.813377))"
P-136,agriculture,12.73,"POLYGON((36.208117 34.784237,36.215830 34.783349,36.218273 34.790414,36.214757 34.794722,36.205544 34.792386,36.208117 34.784237))"
P-137,agriculture,28.23,"POLYGON((36.060519 34.838022,36.067688 34.838877,36.069681 34.844816,36.065983 34.847055,36.059880 34.846566,36.060519 34.838022))"
P-138,forest,33.3,"POLYGON((36.100653 34.704852,36.105140 34.703906,36.106105 34.709013,36.103813 34.711320,36.100237 34.709539,36.100653 34.704852))"
P-139,forest,23.63,"POLYGON((36.175403 34.819160,36.182612 34.819900,36.184511 34.825220,36.180014 34.829378,36.175960 34.828001,36.175403 34.819160))"
P-140,forest,37.42,"POLYGON((36.148885 34.809051,36.155016 34.808736,36.155070 34.813702,36.153075 34.813972,36.148450 34.813116,36.148885 34.809051))"
P-141,agriculture,13.21,"POLYGON((36.283484 34.905611,36.291042 34.905416,36.291464 34.911250,36.288578 34.913133,36.282808 34.910789,36.283484 34.905611))"
P-142,agriculture,29.39,"POLYGON((36.089747 34.848895,36.095811 34.847562,36.095659 34.853510,36.094345 34.853776,36.088342 34.853340,36.089747 34.848895))"
P-143,agriculture,33.48,"POLYGON((36.304645 34.851532,36.309158 34.851322,36.310787 34.855361,36.307872 34.856680,36.304688 34.856865,36.304645 34.851532))"
P-144,forest,23.54,"POLYGON((36.158604 34.858929,36.169729 34.857406,36.169570 34.865832,36.164771 34.868466,36.158288 34.866731,36.158604 34.858929))"
P-145,agriculture,12.32,"POLYGON((36.261621 34.854163,36.266760 34.853923,36.268527 34.859361,36.265699 34.860953,36.261084 34.859092,36.261621 34.854163))"
P-146,agriculture,22.98,"POLYGON((36.233654 34.906781,36.241464 34.906560,36.242509 34.914431,36.239439 34.916063,36.232188 34.913985,36.233654 34.906781))"
P-147,agriculture,22.7,"POLYGON((36.081363 34.749310,36.087547 34.749240,36.087882 34.754508,36.086169 34.755513,36.081758 34.755661,36.081363 34.749310))"
P-148,residential,4.07,"POLYGON((36.035118 34.858821,36.040196 34.858468,36.040859 34.862996,36.038477 34.863689,36.034634 34.863862,36.035118 34.858821))"
P-149,agriculture,24.09,"POLYGON((36.156509 34.867098,36.162424 34.866870,36.165218 34.873143,36.161611 34.875093,36.155094 34.874319,36.156509 34.867098))"
P-150,agriculture,28.49,"POLYGON((36.113583 34.731396,36.120258 34.731621,36.122139 34.737192,36.119647 34.739434,36.114358 34.736307,36.113583 34.731396))"
P-151,forest,39.49,"POLYGON((36.193617 34.817773,36.201652 34.817255,36.204448 34.824800,36.198941 34.827166,36.194438 34.823973,36.193617 34.817773))"
P-152,agriculture,29.61,"POLYGON((36.105445 34.797091,36.116960 34.796651,36.117716 34.806082,36.112569 34.808069,36.104859 34.805720,36.105445 34.797091))"
P-153,forest,18.56,"POLYGON((36.217018 34.894487,36.227886 34.892001,36.228384 34.902983,36.223746 34.904869,36.216385 34.901769,36.217018 34.894487))"
P-154,agriculture,17.69,"POLYGON((36.156671 34.768444,36.162944 34.769549,36.163899 34.774177,36.161345 34.776933,36.156777 34.774151,36.156671 34.768444))"
P-155,agriculture,25.66,"POLYGON((36.106878 34.781991,36.113339 34.783196,36.114770 34.788364,36.112688 34.790828,36.107515 34.790175,36.106878 34.781991))"
P-156,agriculture,30.76,"POLYGON((36.021105 34.808834,36.029381 34.809016,36.029604 34.814866,36.027159 34.817433,36.020679 34.815133,36.021105 34.808834))"
P-157,infrastructure,8.16,"POLYGON((36.185096 34.801648,36.190618 34.800512,36.192061 34.806272,36.189689 34.807152,36.185111 34.805667,36.185096 34.801648))"
P-158,residential,4.29,"POLYGON((36.026684 34.828972,36.031114 34.828829,36.031155 34.831501,36.029404 34.833228,36.026093 34.832315,36.026684 34.828972))"
P-159,forest,21.1,"POLYGON((36.229069 34.840995,36.236691 34.840823,36.238200 34.847587,36.236164 34.850698,36.228733 34.847900,36.229069 34.840995))"
P-160,infrastructure,7.07,"POLYGON((36.098056 34.826436,36.102073 34.826084,36.102338 34.831084,36.101782 34.831104,36.097174 34.830772,36.098056 34.826436))"
P-161,agriculture,28.0,"POLYGON((36.132054 34.829996,36.139392 34.829435,36.140960 34.836493,36.137369 34.837999,36.130472 34.836664,36.132054 34.829996))"
P-162,residential,8.33,"POLYGON((36.292568 34.846074,36.295285 34.845306,36.296600 34.848254,36.294977 34.849973,36.291836 34.848861,36.292568 34.846074))"
P-163,agriculture,19.59,"POLYGON((36.062891 34.772280,36.070205 34.771579,36.070335 34.778259,36.069078 34.779686,36.063151 34.777257,36.062891 34.772280))"
P-164,forest,20.08,"POLYGON((36.052367 34.805998,36.060614 34.806173,36.060633 34.812424,36.059206 34.817303,36.051481 34.815289,36.052367 34.805998))"
P-165,residential,3.96,"POLYGON((36.091799 34.772482,36.095311 34.771832,36.095823 34.775975,36.095146 34.777686,36.090782 34.775276,36.091799 34.772482))"
P-166,infrastructure,5.86,"POLYGON((36.248574 34.852108,36.251692 34.852151,36.251875 34.854299,36.250805 34.855274,36.248743 34.853939,36.248574 34.852108))"
P-167,agriculture,17.54,"POLYGON((36.212941 34.851982,36.220802 34.852146,36.222121 34.857879,36.217509 34.860681,36.212402 34.859641,36.212941 34.851982))"
P-168,agriculture,27.04,"POLYGON((36.068466 34.802973,36.077638 34.801301,36.078148 34.807807,36.074888 34.811837,36.068785 34.811072,36.068466 34.802973))"
P-169,infrastructure,8.84,"POLYGON((36.194726 34.798751,36.200360 34.798464,36.201963 34.804114,36.199090 34.806369,36.194742 34.803976,36.194726 34.798751))"
P-170,infrastructure,5.94,"POLYGON((36.035972 34.830958,36.039460 34.830591,36.039614 34.833269,36.038250 34.833453,36.036413 34.833021,36.035972 34.830958))"
P-171,agriculture,27.57,"POLYGON((36.244008 34.939300,36.251700 34.938992,36.251144 34.946378,36.248810 34.946837,36.243909 34.945166,36.244008 34.939300))"
P-172,residential,8.38,"POLYGON((36.188075 34.906287,36.192498 34.906756,36.194929 34.911225,36.191749 34.913631,36.187708 34.912104,36.188075 34.906287))"
P-173,infrastructure,4.66,"POLYGON((36.195610 34.894020,36.199525 34.893708,36.200779 34.898221,36.198492 34.898962,36.195237 34.897359,36.195610 34.894020))"
P-174,agriculture,22.23,"POLYGON((36.250681 34.965903,36.257903 34.964301,36.259327 34.970714,36.254967 34.974400,36.249019 34.973523,36.250681 34.965903))"
P-175,agriculture,12.28,"POLYGON((36.115293 34.920402,36.122497 34.919527,36.122817 34.926295,36.121026 34.927376,36.115874 34.926202,36.115293 34.920402))"
P-176,forest,16.9,"POLYGON((36.152243 34.914850,36.157784 34.914912,36.159219 34.920621,36.157216 34.921543,36.152460 34.920386,36.152243 34.914850))"
P-177,agriculture,19.64,"POLYGON((36.151548 34.905849,36.159410 34.904353,36.161716 34.913041,36.157086 34.913511,36.150800 34.911541,36.151548 34.905849))"
P-178,agriculture,16.09,"POLYGON((36.186386 34.944749,36.192813 34.943950,36.193962 34.950155,36.190449 34.953022,36.185932 34.952212,36.186386 34.944749))"
P-179,forest,32.77,"POLYGON((36.234154 34.954577,36.242894 34.954346,36.243235 34.960526,36.239477 34.963226,36.233457 34.962156,36.234154 34.954577))"
P-180,agriculture,27.48,"POLYGON((36.186283 34.961585,36.190496 34.961045,36.191651 34.965366,36.189931 34.967058,36.185654 34.966758,36.186283 34.961585))"
P-181,infrastructure,4.93,"POLYGON((36.177299 34.900803,36.180692 34.900731,36.181113 34.902860,36.179499 34.904162,36.177769 34.903584,36.177299 34.900803))"
P-182,residential,9.89,"POLYGON((36.025470 34.881147,36.030719 34.881309,36.029992 34.884943,36.028799 34.886683,36.024965 34.885864,36.025470 34.881147))"
P-183,agriculture,20.6,"POLYGON((36.157818 34.940963,36.164158 34.939977,36.165912 34.946496,36.164040 34.947951,36.157134 34.948183,36.157818 34.940963))"
P-184,agriculture,19.17,"POLYGON((36.266137 34.922141,36.272281 34.921840,36.273683 34.927293,36.270210 34.930366,36.265928 34.929238,36.266137 34.922141))"
P-185,infrastructure,2.77,"POLYGON((36.094501 34.872240,36.100148 34.872223,36.100594 34.876604,36.098779 34.878672,36.094644 34.876532,36.094501 34.872240))"
P-186,infrastructure,5.02,"POLYGON((36.106296 34.879160,36.109182 34.878857,36.109642 34.880899,36.108594 34.882235,36.106568 34.880973,36.106296 34.879160))"
P-187,residential,4.31,"POLYGON((36.149923 34.877468,36.153921 34.876990,36.154131 34.880322,36.152664 34.881336,36.149830 34.881007,36.149923 34.877468))"
P-188,residential,4.21,"POLYGON((36.219700 34.967241,36.224870 34.967302,36.225141 34.971215,36.223030 34.972751,36.220307 34.971820,36.219700 34.967241))"
P-189,residential,3.97,"POLYGON((36.139351 34.967859,36.143029 34.967633,36.143855 34.971197,36.141799 34.971737,36.138997 34.971375,36.139351 34.967859))"
P-190,forest,40.97,"POLYGON((36.072813 34.908913,36.081771 34.907396,36.083893 34.915570,36.079712 34.919215,36.072387 34.915418,36.072813 34.908913))"
P-191,residential,3.22,"POLYGON((36.144133 34.952210,36.148795 34.952079,36.149371 34.956353,36.147846 34.957426,36.144104 34.955611,36.144133 34.952210))"
P-192,residential,8.76,"POLYGON((36.046025 34.910413,36.050363 34.909665,36.051135 34.912499,36.049479 34.914388,36.046370 34.914066,36.046025 34.910413))"
P-193,agriculture,18.04,"POLYGON((36.252015 34.949333,36.258698 34.948960,36.260400 34.958363,36.258058 34.961283,36.250175 34.958145,36.252015 34.949333))"
P-194,residential,3.97,"POLYGON((36.198583 34.915569,36.201385 34.915178,36.202050 34.917649,36.200907 34.918537,36.198342 34.918587,36.198583 34.915569))"
P-195,infrastructure,7.71,"POLYGON((36.029587 34.921370,36.032374 34.921314,36.033399 34.924012,36.031735 34.924301,36.029784 34.923757,36.029587 34.921370))"
P-196,infrastructure,4.75,"POLYGON((36.200224 34.894013,36.203256 34.894320,36.204079 34.896931,36.202519 34.897782,36.199995 34.897371,36.200224 34.894013))"
P-197,agriculture,33.86,"POLYGON((36.046509 34.889951,36.052222 34.889678,36.052534 34.895820,36.049923 34.896306,36.045235 34.895312,36.046509 34.889951))"
P-198,agriculture,30.97,"POLYGON((36.112936 34.927440,36.119669 34.927347,36.121254 34.933475,36.118548 34.935405,36.113089 34.933736,36.112936 34.927440))"
P-199,agriculture,12.37,"POLYGON((36.139135 34.915379,36.149046 34.914926,36.150118 34.924231,36.146116 34.924947,36.136712 34.925119,36.139135 34.915379))"
P-200,forest,34.64,"POLYGON((36.154378 34.905035,36.159207 34.905535,36.160356 34.910794,36.157964 34.912334,36.153513 34.909758,36.154378 34.905035))"
P-201,agriculture,13.79,"POLYGON((36.191019 34.954999,36.197289 34.954788,36.198810 34.962015,36.197041 34.963172,36.191213 34.960500,36.191019 34.954999))"
P-202,forest,18.1,"POLYGON((36.211992 34.940751,36.218612 34.939505,36.219091 34.946147,36.215536 34.947702,36.211071 34.945457,36.211992 34.940751))"
P-203,agriculture,28.62,"POLYGON((36.032800 34.887381,36.040199 34.885960,36.039898 34.892493,36.038289 34.895972,36.031852 34.895624,36.032800 34.887381))"
P-204,agriculture,30.19,"POLYGON((36.170550 34.943850,36.176657 34.942758,36.176922 34.949003,36.174233 34.950441,36.169851 34.947962,36.170550 34.943850))"
P-205,residential,6.57,"POLYGON((36.088290 34.877528,36.093519 34.876004,36.093543 34.880286,36.091609 34.882471,36.087691 34.882272,36.088290 34.877528))"
P-206,agriculture,33.48,"POLYGON((36.152525 34.885513,36.157882 34.885058,36.159220 34.890601,36.157204 34.890419,36.153384 34.889764,36.152525 34.885513))"
P-207,forest,42.68,"POLYGON((36.148617 34.968475,36.158382 34.966656,36.158832 34.975343,36.155670 34.978450,36.148738 34.974900,36.148617 34.968475))"
P-208,forest,30.34,"POLYGON((36.085653 34.903916,36.091370 34.903452,36.092871 34.908819,36.089500 34.910407,36.085463 34.909702,36.085653 34.903916))"
P-209,forest,22.33,"POLYGON((36.132735 34.949876,36.139544 34.949206,36.142687 34.956792,36.137294 34.959308,36.132484 34.958597,36.132735 34.949876))"
P-210,agriculture,24.03,"POLYGON((36.040188 34.912927,36.048123 34.910954,36.049860 34.920275,36.047685 34.920206,36.039494 34.919104,36.040188 34.912927))"
P-211,forest,22.89,"POLYGON((36.262219 34.931845,36.272094 34.932498,36.274390 34.938616,36.268688 34.943303,36.260953 34.941176,36.262219 34.931845))"
P-212,forest,21.85,"POLYGON((36.206172 34.910353,36.211683 34.910738,36.213072 34.916077,36.211357 34.919799,36.204745 34.918693,36.206172 34.910353))"
P-213,infrastructure,6.59,"POLYGON((36.124726 34.931014,36.127579 34.930910,36.128320 34.933704,36.127099 34.934569,36.124562 34.934436,36.124726 34.931014))"
P-214,forest,43.62,"POLYGON((36.064987 34.886710,36.070237 34.886379,36.070425 34.889542,36.068054 34.891798,36.064935 34.890979,36.064987 34.886710))"
P-215,agriculture,20.47,"POLYGON((36.151378 34.966717,36.162958 34.966796,36.164358 34.974181,36.160937 34.976477,36.152071 34.976644,36.151378 34.966717))"
P-216,infrastructure,8.14,"POLYGON((36.119071 34.925254,36.124401 34.924833,36.123911 34.930074,36.121938 34.931562,36.118669 34.931570,36.119071 34.925254))"
P-217,infrastructure,3.96,"POLYGON((36.143119 34.930431,36.145581 34.930234,36.146024 34.933220,36.145018 34.933778,36.142642 34.933106,36.143119 34.930431))"
P-218,residential,6.97,"POLYGON((36.154968 34.924261,36.159086 34.923949,36.160303 34.927483,36.158662 34.928089,36.155519 34.926883,36.154968 34.924261))"
P-219,forest,19.08,"POLYGON((36.190031 34.933784,36.197363 34.932802,36.197799 34.939402,36.195994 34.942077,36.188698 34.941719,36.190031 34.933784))"
P-220,forest,19.73,"POLYGON((36.232738 34.935684,36.240202 34.934912,36.242206 34.941624,36.238834 34.944627,36.232995 34.943991,36.232738 34.935684))"
P-221,agriculture,30.86,"POLYGON((36.193805 34.961599,36.199877 34.961757,36.199919 34.965795,36.198860 34.967341,36.194848 34.967564,36.193805 34.961599))"
P-222,forest,18.92,"POLYGON((36.166742 34.887061,36.175556 34.886683,36.175767 34.895525,36.171699 34.895779,36.164927 34.895141,36.166742 34.887061))"
P-223,forest,17.76,"POLYGON((36.157420 34.946421,36.168360 34.946098,36.169351 34.952578,36.165319 34.955289,36.157990 34.953277,36.157420 34.946421))"
P-224,agriculture,16.94,"POLYGON((36.213388 34.923139,36.217554 34.923238,36.218785 34.927789,36.216896 34.929789,36.213417 34.928153,36.213388 34.923139))"
P-225,forest,27.58,"POLYGON((36.065404 34.878616,36.075123 34.877521,36.073854 34.884169,36.072290 34.886641,36.064996 34.884662,36.065404 34.878616))"
P-226,residential,6.52,"POLYGON((36.004719 35.052183,36.007790 35.051344,36.008995 35.054547,36.007713 35.056238,36.003869 35.056199,36.004719 35.052183))"
P-227,forest,18.0,"POLYGON((36.235277 35.072850,36.243698 35.074103,36.244806 35.079287,36.241341 35.083073,36.234632 35.081772,36.235277 35.072850))"
P-228,forest,20.28,"POLYGON((36.234744 35.067877,36.243947 35.068881,36.244383 35.075651,36.241096 35.076803,36.235638 35.076605,36.234744 35.067877))"
P-229,agriculture,24.47,"POLYGON((36.116167 35.055399,36.120949 35.055151,36.121488 35.058810,36.119575 35.061186,36.115406 35.058886,36.116167 35.055399))"
P-230,agriculture,13.37,"POLYGON((36.158914 35.035024,36.163679 35.034163,36.164903 35.038009,36.163342 35.040522,36.158794 35.038869,36.158914 35.035024))"
P-231,agriculture,15.14,"POLYGON((36.085047 34.968974,36.091737 34.968889,36.091174 34.974554,36.089865 34.975969,36.084990 34.973588,36.085047 34.968974))"
P-232,residential,8.7,"POLYGON((36.049091 34.966391,36.052678 34.966490,36.053845 34.969372,36.052504 34.970698,36.049055 34.969123,36.049091 34.966391))"
P-233,agriculture,33.18,"POLYGON((36.003778 34.992934,36.013894 34.993542,36.014492 35.000096,36.011351 35.002570,36.001443 35.000200,36.003778 34.992934))"
P-234,infrastructure,6.69,"POLYGON((36.212754 35.028108,36.216846 35.026900,36.217803 35.031883,36.216392 35.032038,36.212339 35.031668,36.212754 35.028108))"
P-235,forest,41.54,"POLYGON((36.040504 34.980952,36.046274 34.980687,36.048945 34.987174,36.045808 34.987998,36.040713 34.988374,36.040504 34.980952))"
P-236,agriculture,12.46,"POLYGON((36.043593 35.032782,36.049455 35.032751,36.048814 35.038154,36.047998 35.038606,36.041820 35.038680,36.043593 35.032782))"
P-237,infrastructure,2.22,"POLYGON((36.014988 35.045949,36.019259 35.046862,36.020216 35.050475,36.018807 35.053016,36.013802 35.051007,36.014988 35.045949))"
P-238,agriculture,18.84,"POLYGON((35.985375 35.087286,35.990089 35.087697,35.990109 35.090707,35.989301 35.093000,35.984974 35.091029,35.985375 35.087286))"
P-239,forest,20.12,"POLYGON((36.027361 34.962902,36.032175 34.963318,36.033388 34.968703,36.030354 34.970154,36.026850 34.969794,36.027361 34.962902))"
P-240,agriculture,16.29,"POLYGON((36.226739 35.072308,36.231802 35.071649,36.231468 35.076126,36.229553 35.077398,36.225991 35.076052,36.226739 35.072308))"
P-241,residential,4.59,"POLYGON((36.200982 35.039305,36.204146 35.039013,36.204449 35.041718,36.202764 35.042257,36.200815 35.042286,36.200982 35.039305))"
P-242,forest,30.06,"POLYGON((36.119829 35.030854,36.130088 35.031784,36.131682 35.037837,36.128632 35.042932,36.119288 35.038277,36.119829 35.030854))"
P-243,agriculture,13.8,"POLYGON((36.034381 35.013442,36.040703 35.013504,36.042391 35.021392,36.040316 35.021919,36.033119 35.021620,36.034381 35.013442))"
P-244,agriculture,23.95,"POLYGON((36.080121 34.994169,36.088307 34.993430,36.088326 35.001206,36.085843 35.005196,36.077095 35.001628,36.080121 34.994169))"
P-245,forest,31.88,"POLYGON((35.992604 35.025362,35.996947 35.025257,35.997746 35.029452,35.996101 35.030100,35.992339 35.029198,35.992604 35.025362))"
P-246,residential,7.77,"POLYGON((36.131801 34.993265,36.135757 34.993952,36.136026 34.996540,36.134386 34.997723,36.131148 34.996882,36.131801 34.993265))"
P-247,agriculture,31.74,"POLYGON((35.959912 35.067144,35.968414 35.065514,35.970721 35.072639,35.967430 35.075693,35.961468 35.073626,35.959912 35.067144))"
P-248,agriculture,29.04,"POLYGON((36.029958 35.004625,36.039242 35.005729,36.039941 35.012340,36.036177 35.015717,36.029452 35.011462,36.029958 35.004625))"
P-249,forest,41.26,"POLYGON((36.100148 35.039342,36.104055 35.038525,36.105200 35.042871,36.103440 35.044476,36.098496 35.043975,36.100148 35.039342))"
P-250,forest,26.17,"POLYGON((35.996933 35.045732,36.003960 35.046419,36.004087 35.053748,36.002343 35.055361,35.996275 35.053037,35.996933 35.045732))"
P-251,forest,40.61,"POLYGON((36.236207 35.042821,36.243187 35.042372,36.245562 35.049203,36.242690 35.052940,36.234591 35.049802,36.236207 35.042821))"
P-252,forest,34.42,"POLYGON((36.106307 35.047189,36.113568 35.046644,36.114861 35.053264,36.110679 35.054729,36.105144 35.052794,36.106307 35.047189))"
P-253,agriculture,18.95,"POLYGON((36.145733 35.036347,36.151892 35.035098,36.155056 35.043235,36.151390 35.044668,36.146020 35.043542,36.145733 35.036347))"
P-254,agriculture,13.47,"POLYGON((36.095992 34.948783,36.105157 34.948647,36.108379 34.957035,36.102524 34.961298,36.094738 34.959683,36.095992 34.948783))"
P-255,residential,5.83,"POLYGON((36.062065 34.970663,36.065269 34.970182,36.066199 34.973024,36.064595 34.974264,36.060987 34.973899,36.062065 34.970663))"
P-256,agriculture,28.71,"POLYGON((36.106145 34.957262,36.112514 34.957124,36.112545 34.962962,36.110856 34.964605,36.106388 34.961889,36.106145 34.957262))"
P-257,forest,37.23,"POLYGON((36.097277 35.051584,36.106851 35.051147,36.107127 35.058549,36.102846 35.062708,36.097133 35.061296,36.097277 35.051584))"
P-258,agriculture,17.99,"POLYGON((35.987409 35.003823,35.994665 35.003294,35.995519 35.007807,35.993058 35.010369,35.987043 35.008905,35.987409 35.003823))"
P-259,agriculture,21.5,"POLYGON((36.202512 35.036538,36.210084 35.036040,36.212849 35.046703,36.207354 35.048878,36.201926 35.044477,36.202512 35.036538))"
P-260,agriculture,26.51,"POLYGON((36.071499 34.991512,36.076594 34.990062,36.077261 34.995636,36.075626 34.997150,36.072024 34.995853,36.071499 34.991512))"
P-261,infrastructure,5.01,"POLYGON((36.051251 35.023415,36.055172 35.022383,36.056186 35.026620,36.054410 35.027252,36.051540 35.025656,36.051251 35.023415))"
P-262,infrastructure,3.74,"POLYGON((36.028791 35.044981,36.033083 35.044098,36.033494 35.048889,36.031795 35.049372,36.028009 35.048951,36.028791 35.044981))"
P-263,agriculture,21.97,"POLYGON((36.210929 35.062669,36.218048 35.062774,36.218451 35.071526,36.216734 35.071377,36.210267 35.072645,36.210929 35.062669))"
P-264,forest,37.02,"POLYGON((36.190847 35.039817,36.197997 35.040093,36.199482 35.045097,36.195764 35.046701,36.188658 35.046847,36.190847 35.039817))"
P-265,infrastructure,7.85,"POLYGON((36.121333 35.041045,36.123440 35.041038,36.124353 35.043015,36.123233 35.043620,36.120934 35.043090,36.121333 35.041045))"
P-266,residential,4.89,"POLYGON((36.016205 35.033048,36.019574 35.032937,36.020322 35.036549,36.018537 35.037942,36.015873 35.037094,36.016205 35.033048))"
P-267,residential,9.81,"POLYGON((36.091461 34.993960,36.095117 34.992958,36.095781 34.996635,36.093827 34.997097,36.091588 34.996400,36.091461 34.993960))"
P-268,residential,7.68,"POLYGON((36.159272 35.048821,36.162216 35.049005,36.162205 35.051091,36.161620 35.052036,36.158768 35.051145,36.159272 35.048821))"
P-269,forest,41.22,"POLYGON((35.985092 35.030831,35.993363 35.031743,35.995740 35.039794,35.990072 35.040041,35.983860 35.038762,35.985092 35.030831))"
P-270,agriculture,33.97,"POLYGON((36.124115 35.008305,36.129972 35.008402,36.130945 35.012801,36.129351 35.014916,36.124206 35.013202,36.124115 35.008305))"
P-271,forest,18.39,"POLYGON((35.969767 35.049750,35.975847 35.050499,35.978140 35.058250,35.975129 35.058835,35.968571 35.057652,35.969767 35.049750))"
P-272,forest,40.88,"POLYGON((36.025448 35.003692,36.034975 35.004216,36.037308 35.011969,36.031592 35.015200,36.026771 35.014248,36.025448 35.003692))"
P-273,residential,8.37,"POLYGON((36.094672 35.023578,36.099346 35.024123,36.099742 35.028066,36.097475 35.029248,36.094817 35.027871,36.094672 35.023578))"
P-274,infrastructure,6.49,"POLYGON((36.066723 35.044549,36.070195 35.045145,36.070895 35.047440,36.069261 35.048306,36.067127 35.048005,36.066723 35.044549))"
P-275,agriculture,17.54,"POLYGON((36.007678 35.043345,36.016395 35.042316,36.016566 35.050307,36.014311 35.052977,36.004956 35.051051,36.007678 35.043345))"
P-276,forest,44.42,"POLYGON((35.968376 35.084929,35.974202 35.084111,35.977477 35.092396,35.974487 35.094326,35.965837 35.092484,35.968376 35.084929))"
P-277,infrastructure,6.7,"POLYGON((36.256444 35.048547,36.261165 35.047612,36.262556 35.052594,36.260239 35.054222,36.255583 35.051996,36.256444 35.048547))"
P-278,infrastructure,3.55,"POLYGON((36.164177 35.033173,36.167901 35.033425,36.168891 35.036105,36.166875 35.037264,36.164087 35.037307,36.164177 35.033173))"
P-279,forest,22.63,"POLYGON((36.101167 34.961357,36.105458 34.961091,36.106279 34.966078,36.104992 34.967082,36.100067 34.967213,36.101167 34.961357))"
P-280,forest,38.16,"POLYGON((36.054322 34.956147,36.060523 34.956643,36.062389 34.961567,36.060473 34.965319,36.054275 34.963211,36.054322 34.956147))"
